{
    "hsv": {
        "hsv_red_low": [
            0,
            70,
            100
        ],
        "hsv_red_high": [
            50,
            255,
            255
        ],
        "hsv_blue_high": [
            35,
            255,
            255
        ],
        "hsv_blue_low": [
            0,
            85,
            70
        ]
    },
    "EnergyFind": {
        "MaxRsS": 0.0007675480769230769,
        "MinRsS": 7.211538461538462e-05,
        "MaxRsRatio": 507.10400000000004,
        "GB_size": 13,
        "fan_armor_distence_max": 0.143,
        "fan_armor_distence_min": 0.071,
        "armor_R_distance_max": 0.3,
        "armor_R_distance_min": 0.206
    }
}