{
    "hsv": {
        "hsv_red_low": [
            0,
            90,
            125
        ],
        "hsv_red_high": [
            31,
            255,
            255
        ],
        "hsv_blue_high": [
            35,
            255,
            255
        ],
        "hsv_blue_low": [
            0,
            85,
            70
        ]
    },
    "EnergyFind": {
        "MaxRsS": 0.0003223557692307692,
        "MinRsS": 7.163461538461539e-05,
        "MaxRsRatio": 559.104,
        "fan_armor_distence_max": 0.143,
        "fan_armor_distence_min": 0.065,
        "armor_R_distance_max": 0.294,
        "armor_R_distance_min": 0.181
    }
}